0,0,0,0,0,0,0,0,0,0,0,0,0,0,0,0,0,0,0,0,0,0,0,0,0,0,0,0,0,0,0,0,0,0,0,0,0,0,0,0,0,0,0,0,0,0,0,0,0,0,0,0,0,0,0,0,0,0,0,0,0,0,0,0,0,0,0,0,0,0,0,0,0,0,0,0,0,0,0,0,0,0,0,0,0,0,0,0,0,0,0,0,0,0,0,0,0,0,0,0,0,0,0,0,0,0,0,0,0,0,0,0,0,0,0,0,0,0,0,0,0,0,0,0,0,0,0,0,0,0,0,0,0,0,0,0,0,0,0,0,0,0,0,0,0,0,0,0,0,0
5.869721624950703e-09,2.3953433455076582e-08,1.0019334235552932e-07,3.944036955424416e-07,1.4345672232739154e-06,4.807216520843307e-06,1.4848694644528277e-05,4.233918477950944e-05,0.00011164777560059912,0.00027282819176431284,0.0006191401459089558,0.0013076826097644803,0.002576223932976176,0.004744303816781377,0.008184485021130455,0.013254328336539396,0.02019340270153861,0.029009027985475017,0.039389368886070295,0.05068110123743904,0.061947714856243154,0.07209507547327959,0.08003240919229833,0.08483852249781919,0.08591375957673397,0.0830992585602118,0.07673392438325703,0.06761550626288625,0.05685440135096105,0.045651578048273946,0.0350672473598007,0.025850520117392712,0.018371975517864122,0.012659655630500513,0.008504997139891278,0.005589999937998233,0.0035922718054611186,0.002244825199287987,0.0013515621706667053,0.0007755329991758616,0.0004196900689572929,0.00021231773210786956,9.972503759459441e-05,4.32720388631651e-05,1.728449686388277e-05,6.340065289134687e-06,2.132236157873322e-06,6.570435512586456e-07,1.8574231811508251e-07,4.8563777792673254e-08,1.2191230367671211e-08,3.405663827325476e-09,1.4723294589402293e-09,1.0846892314965502e-09,1.013864948131042e-09,1.0020722580912307e-09,1.0002826265144668e-09,1.0000350707816517e-09,1.000003854941598e-09,1.0000002665531339e-09,9.999998904803702e-10,9.99999854545652e-10,9.999998514149251e-10,9.999998511662225e-10,9.999998511482076e-10,9.999998511470177e-10,9.99999851146946e-10,9.99999851146942e-10,9.999998511469418e-10,9.999998511469418e-10,9.999998511469418e-10,9.999998511469418e-10,9.999998511469418e-10,9.999998511469418e-10,9.999998511469418e-10,9.999998511469418e-10,9.999998511469418e-10,9.999998511469418e-10,9.999998511469418e-10,9.999998511469418e-10,9.999998511469418e-10,9.999998511469418e-10,9.999998511469418e-10,9.999998511469418e-10,9.999998511469418e-10,9.999998511469418e-10,9.999998511469418e-10,9.999998511469418e-10,9.999998511469418e-10,9.999998511469418e-10,9.999998511469418e-10,9.999998511469418e-10,9.999998511469418e-10,9.999998511469418e-10,9.999998511469418e-10,9.999998511469418e-10,9.999998511469418e-10,9.999998511469418e-10,9.999998511469418e-10,9.999998511469418e-10,9.999998511469418e-10,9.999998511469418e-10,9.999998511469418e-10,9.999998511469418e-10,9.999998511469418e-10,9.999998511469418e-10,9.999998511469418e-10,9.999998511469418e-10,9.999998511469418e-10,9.999998511469418e-10,9.999998511469418e-10,9.999998511469418e-10,9.999998511469418e-10,9.999998511469418e-10,9.999998511469418e-10,9.999998511469418e-10,9.999998511469418e-10,9.999998511469418e-10,9.999998511469418e-10,9.999998511469418e-10,9.999998511469418e-10,9.999998511469418e-10,9.999998511469418e-10,9.999998511469418e-10,9.999998511469418e-10,9.999998511469418e-10,9.999998511469418e-10,9.999998511469418e-10,9.999998511469418e-10,9.999998511469418e-10,9.999998511469418e-10,9.999998511469418e-10,9.999998511469418e-10,9.999998511469418e-10,9.999998511469418e-10,9.999998511469418e-10,9.999998511469418e-10,9.999998511469418e-10,9.999998511469418e-10,9.999998511469418e-10,9.999998511469418e-10,9.999998511469418e-10,9.999998511469418e-10,9.999998511469418e-10,9.999998511469418e-10,9.999998511469418e-10,9.999998511469418e-10,9.999998511469418e-10,9.999998511469418e-10,9.999998511469418e-10
0.0003656199905031946,0.0004887907803053406,0.0006473762707168508,0.0008494383446426317,0.001104201088808542,0.0014220175065970697,0.0018142652541740646,0.002293156562005526,0.002871449495633166,0.0035620513822988663,0.004377510717599147,0.005329401148004931,0.006427609984462101,0.007679553700369801,0.0090893533362244,0.010657012797816065,0.012377651664679079,0.014240850218774404,0.016230166897676708,0.018322886377039937,0.02049004939894311,0.022696803110204146,0.024903093389590788,0.027064699304315248,0.029134585850729804,0.031064526348527955,0.03280692240839323,0.03431672950330864,0.035553381920039456,0.03648260394077795,0.037077995599098766,0.03732229160768897,0.03720821057250952,0.03673883707447549,0.03592750959147198,0.034797220012763544,0.033379562871719066,0.03171330163427307,0.029842642996051823,0.02781532629885114,0.02568064276677205,0.023487498014730802,0.021282621761686358,0.019109012184878583,0.01700468073239363,0.015001738650368631,0.013125841240055574,0.01139598204620608,0.009824608548100716,0.008418014745368053,0.007176955012460753,0.006097417892125278,0.005171497769679184,0.004388305891279262,0.003734868984637454,0.0031969727235657106,0.0027599173804029806,0.002409163286120924,0.0021308534102301184,0.0019122089479822763,0.0017418009497593575,0.001609706631717063,0.0015075631045041765,0.001428533986068036,0.0013672059147433336,0.0013194325503015228,0.0012821434259249875,0.0012531341431324453,0.0012308529997739448,0.0012141972963360932,0.0012023303518199397,0.001194527751714976,0.0011900586342916226,0.0011881050050876133,0.001187719281975901,0.0011878176593977058,0.0011872045899744999,0.001184621854840632,0.0011788144452375689,0.001168604881833074,0.001152967678855917,0.00113109638547012,0.0011024569199612729,0.0010668226190355236,0.001024288386428564,0.0009752633566869991,0.000920443408084904,0.000860766500456136,0.0007973550529102617,0.0007314503340746706,0.0006643440874860205,0.000597312382551118,0.0005315560375204339,0.0004681510090978631,0.0004080110068696992,0.00035186339708639073,0.00030023832704587045,0.00025347002480268047,0.00021170847683392858,0.0001749391943015114,0.00014300855117780614,0.00011565219241564023,9.252422507513337e-05,7.322526519845596e-05,5.732785934147935e-05,4.439827590668943e-05,3.401411982186009e-05,2.577762828992727e-05,1.932483187562612e-05,1.4331003266606873e-05,1.0512965712342432e-05,7.628902813882519e-06,5.476314897599593e-06,3.888721235195575e-06,2.7316287601142084e-06,1.8981920796404067e-06,1.3048892530855557e-06,8.874425701578218e-07,5.971297543952011e-07,3.9756205114296804e-07,2.6195257578995744e-07,1.7086038513602688e-07,1.1037115458876268e-07,7.06616735406727e-08,4.489003123096832e-08,2.8353921350419524e-08,1.7863840580984447e-08,1.1284404282893635e-08,7.204289298625881e-09,4.702568320706644e-09,3.1858796945743165e-09,2.2766933287844623e-09,1.7377840144031712e-09,1.4219261520491051e-09,1.2388686813458204e-09,1.13396054902501e-09,1.0745090769355155e-09,1.0411930396239892e-09,1.022730707803638e-09,1.0126133480798192e-09,1.0071305791300359e-09,1.0041923256483983e-09,1.0026351436935705e-09,1.0018190232223567e-09,1.0013960257118295e-09,1.0011792085657764e-09,1.0010693016099327e-09,1.0010142036157245e-09,1.0009868868917963e-09,1.0009734930035415e-09
0.007628874960930381,0.008769714694093385,0.010012749642430086,0.011354390692818543,0.012788407701521046,0.014305754779493515,0.015894474169877746,0.01753969282650156,0.019223722895919036,0.02092627341331707,0.022624775779553033,0.024294820203100802,0.025910694544367896,0.027446011220728282,0.028874402380578038,0.030170258802419154,0.03130948426813389,0.03227023479698176,0.03303361133234973,0.03358427537474243,0.0339109596691924,0.034006850283865436,0.03386982204642708,0.03350251602223292,0.032912255130438633,0.03211080165580197,0.03111396786112489,0.02994109768876642,0.028614443258170984,0.027158464195438724,0.025599080545318915,0.02396291100354137,0.02227652747391886,0.02056575461909194,0.018855039354746188,0.01716691043221831,0.015521542714474713,0.013936434851199136,0.01242620317223886,0.01100248908717308,0.009673972392834821,0.008446478873027127,0.007323167571015043,0.0063047811914257795,0.0053899422336560815,0.0045754775965473286,0.0038567553929952443,0.003228019404332879,0.0026827087973794713,0.0022137532262549208,0.0018138360596227907,0.0014756210456477728,0.0011919401141623465,0.0009559421145661711,0.000761204030364319,0.0006018075625218838,0.0004723849299088205,0.0003681383171511292,0.00028483764837400924,0.0002188013324828153,0.00016686437124964983,0.00012633780628783199,9.49629626503454e-05,7.086337664208455e-05,5.249671651176453e-05,3.8608450682374063e-05,2.8188513368596465e-05,2.0431777295198155e-05,1.4702775555863462e-05,1.0504820915462272e-05,7.4534477293236745e-06,5.253942450675662e-06,3.6826247117757124e-06,2.57148256743934e-06,1.7957430106784607e-06,1.2639632289803796e-06,9.102511886489176e-07,6.882591581954337e-07,5.666351445070797e-07,5.256605972608793e-07,5.548449444957515e-07,6.512863299737606e-07,8.18641900929138e-07,1.066579342709317e-06,1.4106037588451612e-06,1.8721705028697455e-06,2.4790055144551402e-06,3.2655606537545514e-06,4.273533211748071e-06,5.552377123418053e-06,7.159729514605384e-06,9.161671320879912e-06,1.1632736215608652e-05,1.4655579464415761e-05,1.832021911403569e-05,2.2722767605150738e-05,2.796358378539361e-05,3.41447944013072e-05,4.136716102574828e-05,4.97263029913889e-05,5.930832849053748e-05,7.018497299891823e-05,8.2408394188647e-05,9.600582233919335e-05,0.00011097431112581211,0.0001272758713526811,0.00014483329540886363,0.00016352698896419254,0.0001831931154115039,0.0002036233256556537,0.00022456629040094967,0.00024573117521853706,0.0002667931034076756,0.00028740054288904876,0.0003071844376153421,0.00032576878901858857,0.0003427822872625906,0.0003578705039350884,0.00037070809493326023,0.00038101043080772086,0.00038854407574604897,0.0003931355771111262,0.000394678103571924,0.00039313557711111944,0.0003885440757460318,0.0003810104308076841,0.00037070809493318455,0.0003578705039349348,0.00034278228726228175,0.0003257687890179727,0.0003071844376141232,0.00028740054288665506,0.00026679310340301047,0.0002457311752095141,0.000224566290383631,0.00020362332562266495,0.00018319311534914414,0.00016352698884720713,0.00014483329519106772,0.00012727587095027885,0.00011097431038796617,9.600582099652872e-05,8.240839176389106e-05,7.018496865312321e-05,5.9308320760646894e-05,4.972628934610482e-05,4.136713712017106e-05,3.414475283651078e-05,2.7963512061431925e-05,2.272264477144437e-05
5.815921814741269e-05,0.00010107759806666886,0.00016991051117910635,0.00027663005893519194,0.00043688858126433557,0.0006705165940290092,0.001002033315230556,0.001461255220210348,0.0020840712636383306,0.0029133374167461742,0.003999609770025141,0.00540112309394438,0.007182140468932905,0.009408712197837689,0.012141145229993383,0.015423164688188653,0.019268754612265775,0.023648732849648225,0.028479881873177005,0.03361959419572219,0.03886834443143807,0.04398096929175859,0.04868604610726112,0.0527110388496206,0.05580971183795945,0.057787825546715105,0.058523374477804896,0.05797850823795224,0.056201612062404586,0.05331958284981678,0.049521859467845084,0.04503897494571628,0.04011904943010503,0.03500560072182011,0.029919351489153964,0.025045579161478877,0.02052732146629999,0.016463747366588795,0.01291243618371622,0.009894201343715166,0.007399315940990464,0.005394340453065347,0.0038290427212868323,0.002643054877304513,0.001771949813602793,0.001152418332602677,0.0007262648768409703,0.00044305025407877804,0.0002613774783993419,0.0001489918968373966,8.19965497133906e-05,4.353728684730261e-05,2.2288853778772423e-05,1.0995995995138402e-05,5.2251071751466295e-06,2.390585823088447e-06,1.0528423210226255e-06,4.4638763246997724e-07,1.8236073928695293e-07,7.199673226276651e-08,2.7712128186782075e-08,1.0657182822507763e-08,4.3540740944809584e-09,2.1189168072805577e-09,1.3584881167699406e-09,1.1103120517445375e-09,1.0326209794993637e-09,1.0092941683767043e-09,1.0025770995546554e-09,1.0007222229373597e-09,1.000231049536997e-09,1.0001063353537265e-09,1.0000759728761175e-09,1.000068885583283e-09,1.000067299489417e-09,1.0000669591845725e-09,1.0000668891866418e-09,1.0000668753837939e-09,1.0000668727745864e-09,1.0000668723017663e-09,1.000066872219632e-09,1.0000668722059554e-09,1.000066872203772e-09,1.000066872203438e-09,1.000066872203389e-09,1.0000668722033823e-09,1.0000668722033814e-09,1.0000668722033812e-09,1.0000668722033812e-09,1.0000668722033812e-09,1.0000668722033812e-09,1.0000668722033812e-09,1.0000668722033812e-09,1.0000668722033812e-09,1.0000668722033812e-09,1.0000668722033812e-09,1.0000668722033812e-09,1.0000668722033812e-09,1.0000668722033812e-09,1.0000668722033812e-09,1.0000668722033812e-09,1.0000668722033812e-09,1.0000668722033812e-09,1.0000668722033812e-09,1.0000668722033812e-09,1.0000668722033812e-09,1.0000668722033812e-09,1.0000668722033812e-09,1.0000668722033812e-09,1.0000668722033812e-09,1.0000668722033812e-09,1.0000668722033812e-09,1.0000668722033812e-09,1.0000668722033812e-09,1.0000668722033812e-09,1.0000668722033812e-09,1.0000668722033812e-09,1.0000668722033812e-09,1.0000668722033812e-09,1.0000668722033812e-09,1.0000668722033812e-09,1.0000668722033812e-09,1.0000668722033812e-09,1.0000668722033812e-09,1.0000668722033812e-09,1.0000668722033812e-09,1.0000668722033812e-09,1.0000668722033812e-09,1.0000668722033812e-09,1.0000668722033812e-09,1.0000668722033812e-09,1.0000668722033812e-09,1.0000668722033812e-09,1.0000668722033812e-09,1.0000668722033812e-09,1.0000668722033812e-09,1.0000668722033812e-09,1.0000668722033812e-09,1.0000668722033812e-09,1.0000668722033812e-09,1.0000668722033812e-09,1.0000668722033812e-09,1.0000668722033812e-09,1.0000668722033812e-09,1.0000668722033812e-09,1.0000668722033812e-09,1.0000668722033812e-09,1.0000668722033812e-09,1.0000668722033812e-09,1.0000668722033812e-09
1.5409980499250853e-09,3.766384764564772e-09,1.3966960258071435e-08,5.677147376263827e-08,2.213829831850846e-07,8.023126836326762e-07,2.6868902372405884e-06,8.31841118506748e-06,2.385690796030066e-05,6.355223417079853e-05,0.00015770845460459586,0.00036563865175677344,0.0007941199737448726,0.0016192869041260212,0.003105048853052759,0.005604602103012761,0.009526731506210062,0.015251685470811557,0.022998498861352308,0.032675384637907395,0.04377302661726777,0.0553649886935871,0.06624615915064942,0.07517982604157042,0.08116999434195446,0.08366141470299956,0.08260421784955688,0.07838160909037875,0.07165311289436502,0.06318690771194001,0.05373825698242187,0.043991533914056816,0.03454522947198713,0.02590380759830026,0.018453085446723812,0.012423563006288869,0.007866245943277873,0.004663684940447098,0.0025792077870870284,0.0013263230273870546,0.0006324982331383178,0.00027909744835646536,0.00011374811061257186,4.2753009440598445e-05,1.480068705608735e-05,4.714758266462718e-06,1.381104900067204e-06,3.7215633561321163e-07,9.262615388459755e-08,2.1751845140955612e-08,5.3098044409987155e-09,1.8204218190673944e-09,1.1430976051116103e-09,1.0228610609777067e-09,1.0033441605944059e-09,1.0004477053168116e-09,1.0000547391704347e-09,1.0000060054769513e-09,1.0000004815837991e-09,9.999999093667406e-10,9.999998551996542e-10,9.999998505144294e-10,9.999998501441685e-10,9.999998501174363e-10,9.999998501156732e-10,9.99999850115567e-10,9.99999850115561e-10,9.999998501155609e-10,9.999998501155609e-10,9.999998501155609e-10,9.999998501155609e-10,9.999998501155609e-10,9.999998501155609e-10,9.999998501155609e-10,9.999998501155609e-10,9.999998501155609e-10,9.999998501155609e-10,9.999998501155609e-10,9.999998501155609e-10,9.999998501155609e-10,9.999998501155609e-10,9.999998501155609e-10,9.999998501155609e-10,9.999998501155609e-10,9.999998501155609e-10,9.999998501155609e-10,9.999998501155609e-10,9.999998501155609e-10,9.999998501155609e-10,9.999998501155609e-10,9.999998501155609e-10,9.999998501155609e-10,9.999998501155609e-10,9.999998501155609e-10,9.999998501155609e-10,9.999998501155609e-10,9.999998501155609e-10,9.999998501155609e-10,9.999998501155609e-10,9.999998501155609e-10,9.999998501155609e-10,9.999998501155609e-10,9.999998501155609e-10,9.999998501155609e-10,9.999998501155609e-10,9.999998501155609e-10,9.999998501155609e-10,9.999998501155609e-10,9.999998501155609e-10,9.999998501155609e-10,9.999998501155609e-10,9.999998501155609e-10,9.999998501155609e-10,9.999998501155609e-10,9.999998501155609e-10,9.999998501155609e-10,9.999998501155609e-10,9.999998501155609e-10,9.999998501155609e-10,9.999998501155609e-10,9.999998501155609e-10,9.999998501155609e-10,9.999998501155609e-10,9.999998501155609e-10,9.999998501155609e-10,9.999998501155609e-10,9.999998501155609e-10,9.999998501155609e-10,9.999998501155609e-10,9.999998501155609e-10,9.999998501155609e-10,9.999998501155609e-10,9.999998501155609e-10,9.999998501155609e-10,9.999998501155609e-10,9.999998501155609e-10,9.999998501155609e-10,9.999998501155609e-10,9.999998501155609e-10,9.999998501155609e-10,9.999998501155609e-10,9.999998501155609e-10,9.999998501155609e-10,9.999998501155609e-10,9.999998501155609e-10,9.999998501155609e-10,9.999998501155609e-10,9.999998501155609e-10,9.999998501155609e-10,9.999998501155609e-10
0.00025474889373289055,0.00043445270339395923,0.0007146568296334942,0.0011345290189541564,0.0017393228766407393,0.002577098231603717,0.0036938261480024765,0.005127536717957443,0.006902704836053651,0.009026374483583037,0.011487376818472415,0.014259293899399722,0.017306653955730143,0.020592541164430923,0.02408484323269598,0.027758211406758115,0.031589722222727185,0.03554809520955599,0.03957863699481189,0.043588102809678494,0.04743464954447314,0.05092753757324314,0.053839223037015244,0.05592945698887359,0.056977801717532896,0.05681849577861968,0.0553705547150552,0.05265668370441312,0.04880682117825921,0.044045340759829986,0.03866429883832156,0.032987817049627666,0.02733413739263111,0.02198183769639181,0.017145286019810954,0.012962099617683414,0.00949278386061952,0.0067304793284342895,0.0046172959925532536,0.00306325328393079,0.001964289132866613,0.0012168570429937381,0.0007279153685132783,0.0004202780946527791,0.00023411365433646718,0.00012577170152129705,6.514035124965819e-05,3.251516820060364e-05,1.5637324312120158e-05,7.243827112494128e-06,3.231592070998185e-06,1.3882529767066247e-06,5.743725811578803e-07,2.2905658508062233e-07,8.827653644422921e-08,3.3131733300633387e-08,1.237872969260037e-08,4.875522814600001e-09,2.269478364572151e-09,1.399982685457983e-09,1.1213142929492428e-09,1.0355258861140363e-09,1.0101583794162853e-09,1.0029535368679794e-09,1.0009880988913363e-09,1.0004731381271137e-09,1.0003435510350048e-09,1.0003122314554123e-09,1.000304961508592e-09,1.0003033408075654e-09,1.0003029938097392e-09,1.0003029224589012e-09,1.0003029083687193e-09,1.0003029056964736e-09,1.0003029052097577e-09,1.0003029051246218e-09,1.00030290511032e-09,1.000302905108013e-09,1.0003029051076555e-09,1.0003029051076023e-09,1.0003029051075947e-09,1.0003029051075936e-09,1.0003029051075934e-09,1.0003029051075934e-09,1.0003029051075934e-09,1.0003029051075934e-09,1.0003029051075934e-09,1.0003029051075934e-09,1.0003029051075934e-09,1.0003029051075934e-09,1.0003029051075934e-09,1.0003029051075934e-09,1.0003029051075934e-09,1.0003029051075934e-09,1.0003029051075934e-09,1.0003029051075934e-09,1.0003029051075934e-09,1.0003029051075934e-09,1.0003029051075934e-09,1.0003029051075934e-09,1.0003029051075934e-09,1.0003029051075934e-09,1.0003029051075934e-09,1.0003029051075934e-09,1.0003029051075934e-09,1.0003029051075934e-09,1.0003029051075934e-09,1.0003029051075934e-09,1.0003029051075934e-09,1.0003029051075934e-09,1.0003029051075934e-09,1.0003029051075934e-09,1.0003029051075934e-09,1.0003029051075934e-09,1.0003029051075934e-09,1.0003029051075934e-09,1.0003029051075934e-09,1.0003029051075934e-09,1.0003029051075934e-09,1.0003029051075934e-09,1.0003029051075934e-09,1.0003029051075934e-09,1.0003029051075934e-09,1.0003029051075934e-09,1.0003029051075934e-09,1.0003029051075934e-09,1.0003029051075934e-09,1.0003029051075934e-09,1.0003029051075934e-09,1.0003029051075934e-09,1.0003029051075934e-09,1.0003029051075934e-09,1.0003029051075934e-09,1.0003029051075934e-09,1.0003029051075934e-09,1.0003029051075934e-09,1.0003029051075934e-09,1.0003029051075934e-09,1.0003029051075934e-09,1.0003029051075934e-09,1.0003029051075934e-09,1.0003029051075934e-09,1.0003029051075934e-09,1.0003029051075934e-09,1.0003029051075934e-09,1.0003029051075934e-09,1.0003029051075934e-09,1.0003029051075934e-09,1.0003029051075934e-09,1.0003029051075934e-09
1.1375219262399299e-09,1.879216782495e-09,6.041259794463224e-09,2.695165344381292e-08,1.211168414092567e-07,5.018493568108447e-07,1.8873087500094026e-06,6.439947855970258e-06,2.0009782663758067e-05,5.690799979514938e-05,0.0001490554473018248,0.00036192568929410934,0.0008197576590572528,0.001740592353563737,0.0034749607174589677,0.006528270292327739,0.011530009478733784,0.019107635232946917,0.029649415989445416,0.043004112897812155,0.058239090636627945,0.07360953672180878,0.08683777179650011,0.09566961750297528,0.09852680091962039,0.09499670320099492,0.08595018048042635,0.07323864589780324,0.059106023655863336,0.045558820406313726,0.033923388705916234,0.024711847178638554,0.01777961053199541,0.012645488300199775,0.008802565651393526,0.005892858330631764,0.0037220333736888564,0.00218213202759081,0.0011732620096606783,0.0005738255261019677,0.00025395274788288534,0.00010136355257699153,3.641505359904289e-05,1.176014884365433e-05,3.4118019005881905e-06,8.891685291168926e-07,2.0856417938430817e-07,4.452426190353749e-08,9.187681019597085e-09,2.3815998362026903e-09,1.2090944380702262e-09,1.0283784645248627e-09,1.0034534798448502e-09,1.0003766780897353e-09,1.0000367085774415e-09,1.0000030815207688e-09,1.00000010393329e-09,9.999998678997794e-10,9.9999985114983e-10,9.999998500857513e-10,9.999998500252398e-10,9.999998500221594e-10,9.999998500220191e-10,9.999998500220134e-10,9.999998500220132e-10,9.999998500220132e-10,9.999998500220132e-10,9.999998500220132e-10,9.999998500220132e-10,9.999998500220132e-10,9.999998500220132e-10,9.999998500220132e-10,9.999998500220132e-10,9.999998500220132e-10,9.999998500220132e-10,9.999998500220132e-10,9.999998500220132e-10,9.999998500220132e-10,9.999998500220132e-10,9.999998500220132e-10,9.999998500220132e-10,9.999998500220132e-10,9.999998500220132e-10,9.999998500220132e-10,9.999998500220132e-10,9.999998500220132e-10,9.999998500220132e-10,9.999998500220132e-10,9.999998500220132e-10,9.999998500220132e-10,9.999998500220132e-10,9.999998500220132e-10,9.999998500220132e-10,9.999998500220132e-10,9.999998500220132e-10,9.999998500220132e-10,9.999998500220132e-10,9.999998500220132e-10,9.999998500220132e-10,9.999998500220132e-10,9.999998500220132e-10,9.999998500220132e-10,9.999998500220132e-10,9.999998500220132e-10,9.999998500220132e-10,9.999998500220132e-10,9.999998500220132e-10,9.999998500220132e-10,9.999998500220132e-10,9.999998500220132e-10,9.999998500220132e-10,9.999998500220132e-10,9.999998500220132e-10,9.999998500220132e-10,9.999998500220132e-10,9.999998500220132e-10,9.999998500220132e-10,9.999998500220132e-10,9.999998500220132e-10,9.999998500220132e-10,9.999998500220132e-10,9.999998500220132e-10,9.999998500220132e-10,9.999998500220132e-10,9.999998500220132e-10,9.999998500220132e-10,9.999998500220132e-10,9.999998500220132e-10,9.999998500220132e-10,9.999998500220132e-10,9.999998500220132e-10,9.999998500220132e-10,9.999998500220132e-10,9.999998500220132e-10,9.999998500220132e-10,9.999998500220132e-10,9.999998500220132e-10,9.999998500220132e-10,9.999998500220132e-10,9.999998500220132e-10,9.999998500220132e-10,9.999998500220132e-10,9.999998500220132e-10,9.999998500220132e-10,9.999998500220132e-10,9.999998500220132e-10,9.999998500220132e-10,9.999998500220132e-10,9.999998500220132e-10,9.999998500220132e-10
4.150640254995933e-08,1.5193614481879365e-07,5.241949139358936e-07,1.6894187433652537e-06,5.0783699019945e-06,1.4243612007765124e-05,3.731239186702507e-05,9.14047700877911e-05,0.0002096965019548597,0.00045124073078024426,0.0009123554012464043,0.0017363939702581602,0.003116631358099311,0.00528594948713923,0.008488322143645085,0.012931581926089846,0.018728091360857152,0.02583745725738934,0.03402964223986748,0.042884177335445035,0.05183065431187268,0.06022084408230483,0.06741126351458887,0.07283421080248419,0.07604647422104012,0.07676051935057786,0.07487096168473155,0.07048253471794366,0.06392941117327912,0.05576366267835302,0.04669503353112835,0.0374850044072697,0.028822393551302457,0.021219415254804502,0.014958868367943934,0.010100861147171313,0.006534774444985088,0.004050359140772682,0.002403681070127363,0.0013639483080891924,0.0007385146722400545,0.000380542819986858,0.00018604109250812626,8.601868792658908e-05,3.749781036241953e-05,1.5367409257264356e-05,5.905784728898098e-06,2.123860998228986e-06,7.136965606256634e-07,2.2408401236441719e-07,6.601991949617967e-08,1.8626771479331635e-08,5.440843855527383e-09,2.0389905230849805e-09,1.2256078522003596e-09,1.0454445521281408e-09,1.0084882266474658e-09,1.0014695796361893e-09,1.0002356899143838e-09,1.0000349224587035e-09,1.000004691267638e-09,1.0000004789116428e-09,9.999999358176532e-10,9.99999871031134e-10,9.99999863880585e-10,9.999998631504061e-10,9.999998630814224e-10,9.999998630753928e-10,9.999998630749052e-10,9.999998630748688e-10,9.999998630748663e-10,9.999998630748661e-10,9.999998630748661e-10,9.999998630748661e-10,9.999998630748661e-10,9.999998630748661e-10,9.999998630748661e-10,9.999998630748661e-10,9.999998630748661e-10,9.999998630748661e-10,9.999998630748661e-10,9.999998630748661e-10,9.999998630748661e-10,9.999998630748661e-10,9.999998630748661e-10,9.999998630748661e-10,9.999998630748661e-10,9.999998630748661e-10,9.999998630748661e-10,9.999998630748661e-10,9.999998630748661e-10,9.999998630748661e-10,9.999998630748661e-10,9.999998630748661e-10,9.999998630748661e-10,9.999998630748661e-10,9.999998630748661e-10,9.999998630748661e-10,9.999998630748661e-10,9.999998630748661e-10,9.999998630748661e-10,9.999998630748661e-10,9.999998630748661e-10,9.999998630748661e-10,9.999998630748661e-10,9.999998630748661e-10,9.999998630748661e-10,9.999998630748661e-10,9.999998630748661e-10,9.999998630748661e-10,9.999998630748661e-10,9.999998630748661e-10,9.999998630748661e-10,9.999998630748661e-10,9.999998630748661e-10,9.999998630748661e-10,9.999998630748661e-10,9.999998630748661e-10,9.999998630748661e-10,9.999998630748661e-10,9.999998630748661e-10,9.999998630748661e-10,9.999998630748661e-10,9.999998630748661e-10,9.999998630748661e-10,9.999998630748661e-10,9.999998630748661e-10,9.999998630748661e-10,9.999998630748661e-10,9.999998630748661e-10,9.999998630748661e-10,9.999998630748661e-10,9.999998630748661e-10,9.999998630748661e-10,9.999998630748661e-10,9.999998630748661e-10,9.999998630748661e-10,9.999998630748661e-10,9.999998630748661e-10,9.999998630748661e-10,9.999998630748661e-10,9.999998630748661e-10,9.999998630748661e-10,9.999998630748661e-10,9.999998630748661e-10,9.999998630748661e-10,9.999998630748661e-10,9.999998630748661e-10,9.999998630748661e-10,9.999998630748661e-10
6.089521426435029e-09,2.1308347643540765e-08,7.641474306380893e-08,2.619045880875127e-07,8.429476519947393e-07,2.5389306266495763e-06,7.158478885209064e-06,1.8920018020904713e-05,4.696194244100917e-05,0.00010969139642115952,0.00024161143326213375,0.0005029173754159735,0.0009912578641600243,0.0018534760994895658,0.0032929653203341304,0.005566006137407911,0.008959243641222022,0.01374202879670982,0.020093377335649972,0.028014104764914022,0.03724761429682596,0.047241646732022365,0.057180393383197546,0.06609754327467521,0.07305048130678596,0.07730751922607004,0.07848969288816872,0.07662396765508962,0.07209862745411581,0.0655465015504472,0.057700999679140275,0.049268232263181125,0.04084197036643877,0.03286764340615413,0.025645364871386012,0.019353923216057986,0.014078194442907095,0.009829517602345643,0.006557978051707288,0.0041621334200382925,0.0025023876528801415,0.0014199387932459088,0.0007580075168711861,0.00037966928306953766,0.00017803758375512405,7.802210716872263e-05,3.190800084069763e-05,1.2163556650341978e-05,4.3183725851099085e-06,1.4270585345221882e-06,4.3903235428219644e-07,1.2605511102982433e-07,3.416927448394761e-08,9.17056677907577e-09,2.8685982008019736e-09,1.3966538444992536e-09,1.0781337231460916e-09,1.0142792583940894e-09,1.0024205787036519e-09,1.0003804578849083e-09,1.0000553443826437e-09,1.000007353409592e-09,1.00000079171779e-09,9.999999607382367e-10,9.999998632685213e-10,9.99999852679872e-10,9.999998516145286e-10,9.999998515152621e-10,9.999998515066963e-10,9.999998515060118e-10,9.999998515059611e-10,9.999998515059576e-10,9.999998515059574e-10,9.999998515059574e-10,9.999998515059574e-10,9.999998515059574e-10,9.999998515059574e-10,9.999998515059574e-10,9.999998515059574e-10,9.999998515059574e-10,9.999998515059574e-10,9.999998515059574e-10,9.999998515059574e-10,9.999998515059574e-10,9.999998515059574e-10,9.999998515059574e-10,9.999998515059574e-10,9.999998515059574e-10,9.999998515059574e-10,9.999998515059574e-10,9.999998515059574e-10,9.999998515059574e-10,9.999998515059574e-10,9.999998515059574e-10,9.999998515059574e-10,9.999998515059574e-10,9.999998515059574e-10,9.999998515059574e-10,9.999998515059574e-10,9.999998515059574e-10,9.999998515059574e-10,9.999998515059574e-10,9.999998515059574e-10,9.999998515059574e-10,9.999998515059574e-10,9.999998515059574e-10,9.999998515059574e-10,9.999998515059574e-10,9.999998515059574e-10,9.999998515059574e-10,9.999998515059574e-10,9.999998515059574e-10,9.999998515059574e-10,9.999998515059574e-10,9.999998515059574e-10,9.999998515059574e-10,9.999998515059574e-10,9.999998515059574e-10,9.999998515059574e-10,9.999998515059574e-10,9.999998515059574e-10,9.999998515059574e-10,9.999998515059574e-10,9.999998515059574e-10,9.999998515059574e-10,9.999998515059574e-10,9.999998515059574e-10,9.999998515059574e-10,9.999998515059574e-10,9.999998515059574e-10,9.999998515059574e-10,9.999998515059574e-10,9.999998515059574e-10,9.999998515059574e-10,9.999998515059574e-10,9.999998515059574e-10,9.999998515059574e-10,9.999998515059574e-10,9.999998515059574e-10,9.999998515059574e-10,9.999998515059574e-10,9.999998515059574e-10,9.999998515059574e-10,9.999998515059574e-10,9.999998515059574e-10,9.999998515059574e-10,9.999998515059574e-10,9.999998515059574e-10,9.999998515059574e-10,9.999998515059574e-10
1.672157243265361e-07,6.136959716799944e-07,2.0862525224828005e-06,6.558846410756139e-06,1.9076485723735313e-05,5.138370457589064e-05,0.00012835613721735764,0.00029787110547851786,0.0006435409320253581,0.0012976189088162113,0.0024490760375266703,0.004340687027476721,0.007250076076489405,0.01145281227667579,0.01716916936657482,0.024498823534530388,0.03335071592259743,0.04338128705431899,0.053963183956827775,0.06421174675511244,0.07308813215834639,0.07957217288657044,0.08286500910237617,0.08256057129332904,0.07873073768995978,0.0718995901114528,0.06292102008300528,0.05280213058341072,0.04252299362275483,0.03289369583034897,0.024470997060417592,0.01753800601028429,0.012136110172806414,0.008130312435560935,0.005286510376562657,0.003341392543065945,0.0020519446533599464,0.0012204424273684017,0.0006990810608937901,0.0003828477321449945,0.00019889680619367914,9.730996682292238e-05,4.455507273851915e-05,1.8996293911838202e-05,7.5129259933359174e-06,2.7485879689035684e-06,9.285344780564113e-07,2.8955082462601904e-07,8.363227642562774e-08,2.2765472145061192e-08,6.270234104457474e-09,2.1726185756254518e-09,1.2396733153952684e-09,1.0449908980138209e-09,1.0077553350494102e-09,1.0012273746922225e-09,1.0001782667987507e-09,1.000023697339605e-09,1.0000028175219443e-09,1.0000002312922621e-09,9.999999375400317e-10,9.999999069413163e-10,9.999999040180718e-10,9.999999037619207e-10,9.999999037413322e-10,9.99999903739814e-10,9.999999037397115e-10,9.99999903739705e-10,9.999999037397047e-10,9.999999037397047e-10,9.999999037397047e-10,9.999999037397047e-10,9.999999037397047e-10,9.999999037397047e-10,9.999999037397047e-10,9.999999037397047e-10,9.999999037397047e-10,9.999999037397047e-10,9.999999037397047e-10,9.999999037397047e-10,9.999999037397047e-10,9.999999037397047e-10,9.999999037397047e-10,9.999999037397047e-10,9.999999037397047e-10,9.999999037397047e-10,9.999999037397047e-10,9.999999037397047e-10,9.999999037397047e-10,9.999999037397047e-10,9.999999037397047e-10,9.999999037397047e-10,9.999999037397047e-10,9.999999037397047e-10,9.999999037397047e-10,9.999999037397047e-10,9.999999037397047e-10,9.999999037397047e-10,9.999999037397047e-10,9.999999037397047e-10,9.999999037397047e-10,9.999999037397047e-10,9.999999037397047e-10,9.999999037397047e-10,9.999999037397047e-10,9.999999037397047e-10,9.999999037397047e-10,9.999999037397047e-10,9.999999037397047e-10,9.999999037397047e-10,9.999999037397047e-10,9.999999037397047e-10,9.999999037397047e-10,9.999999037397047e-10,9.999999037397047e-10,9.999999037397047e-10,9.999999037397047e-10,9.999999037397047e-10,9.999999037397047e-10,9.999999037397047e-10,9.999999037397047e-10,9.999999037397047e-10,9.999999037397047e-10,9.999999037397047e-10,9.999999037397047e-10,9.999999037397047e-10,9.999999037397047e-10,9.999999037397047e-10,9.999999037397047e-10,9.999999037397047e-10,9.999999037397047e-10,9.999999037397047e-10,9.999999037397047e-10,9.999999037397047e-10,9.999999037397047e-10,9.999999037397047e-10,9.999999037397047e-10,9.999999037397047e-10,9.999999037397047e-10,9.999999037397047e-10,9.999999037397047e-10,9.999999037397047e-10,9.999999037397047e-10,9.999999037397047e-10,9.999999037397047e-10,9.999999037397047e-10,9.999999037397047e-10,9.999999037397047e-10,9.999999037397047e-10,9.999999037397047e-10
0.04292344648610334,0.06862376538794274,0.09537312465058828,0.1162009441721976,0.12558484629991523,0.1222850612506718,0.10933327551396936,0.09157222600853257,0.07300255889971827,0.05568911843762336,0.040282397624191967,0.02706800732833497,0.01648500985508845,0.00889755459003451,0.004182235232022392,0.0016907060593647463,0.0005827866525732038,0.00017028862930034482,4.200989092690217e-05,8.725925560358635e-06,1.5235725942812448e-06,2.2394693351177247e-07,2.8390038443249718e-08,3.850266055300637e-09,1.2819405501336033e-09,1.0577323479399656e-09,1.04140515950905e-09,1.0404132728938997e-09,1.0403630003189086e-09,1.0403608744215418e-09,1.0403607994121916e-09,1.0403607972038451e-09,1.0403607971495939e-09,1.0403607971484817e-09,1.0403607971484627e-09,1.0403607971484623e-09,1.0403607971484623e-09,1.0403607971484623e-09,1.0403607971484623e-09,1.0403607971484623e-09,1.0403607971484623e-09,1.0403607971484623e-09,1.0403607971484623e-09,1.0403607971484623e-09,1.0403607971484623e-09,1.0403607971484623e-09,1.0403607971484623e-09,1.0403607971484623e-09,1.0403607971484623e-09,1.0403607971484623e-09,1.0403607971484623e-09,1.0403607971484623e-09,1.0403607971484623e-09,1.0403607971484623e-09,1.0403607971484623e-09,1.0403607971484623e-09,1.0403607971484623e-09,1.0403607971484623e-09,1.0403607971484623e-09,1.0403607971484623e-09,1.0403607971484623e-09,1.0403607971484623e-09,1.0403607971484623e-09,1.0403607971484623e-09,1.0403607971484623e-09,1.0403607971484623e-09,1.0403607971484623e-09,1.0403607971484623e-09,1.0403607971484623e-09,1.0403607971484623e-09,1.0403607971484623e-09,1.0403607971484623e-09,1.0403607971484623e-09,1.0403607971484623e-09,1.0403607971484623e-09,1.0403607971484623e-09,1.0403607971484623e-09,1.0403607971484623e-09,1.0403607971484623e-09,1.0403607971484623e-09,1.0403607971484623e-09,1.0403607971484623e-09,1.0403607971484623e-09,1.0403607971484623e-09,1.0403607971484623e-09,1.0403607971484623e-09,1.0403607971484623e-09,1.0403607971484623e-09,1.0403607971484623e-09,1.0403607971484623e-09,1.0403607971484623e-09,1.0403607971484623e-09,1.0403607971484623e-09,1.0403607971484623e-09,1.0403607971484623e-09,1.0403607971484623e-09,1.0403607971484623e-09,1.0403607971484623e-09,1.0403607971484623e-09,1.0403607971484623e-09,1.0403607971484623e-09,1.0403607971484623e-09,1.0403607971484623e-09,1.0403607971484623e-09,1.0403607971484623e-09,1.0403607971484623e-09,1.0403607971484623e-09,1.0403607971484623e-09,1.0403607971484623e-09,1.0403607971484623e-09,1.0403607971484623e-09,1.0403607971484623e-09,1.0403607971484623e-09,1.0403607971484623e-09,1.0403607971484623e-09,1.0403607971484623e-09,1.0403607971484623e-09,1.0403607971484623e-09,1.0403607971484623e-09,1.0403607971484623e-09,1.0403607971484623e-09,1.0403607971484623e-09,1.0403607971484623e-09,1.0403607971484623e-09,1.0403607971484623e-09,1.0403607971484623e-09,1.0403607971484623e-09,1.0403607971484623e-09,1.0403607971484623e-09,1.0403607971484623e-09,1.0403607971484623e-09,1.0403607971484623e-09,1.0403607971484623e-09,1.0403607971484623e-09,1.0403607971484623e-09,1.0403607971484623e-09,1.0403607971484623e-09,1.0403607971484623e-09,1.0403607971484623e-09,1.0403607971484623e-09,1.0403607971484623e-09,1.0403607971484623e-09,1.0403607971484623e-09,1.0403607971484623e-09,1.0403607971484623e-09,1.0403607971484623e-09,1.0403607971484623e-09,1.0403607971484623e-09,1.0403607971484623e-09,1.0403607971484623e-09
4.399367168616872e-08,1.9149495251497824e-07,7.611048530038234e-07,2.7339399223622285e-06,8.862049449418014e-06,2.5936080926632783e-05,6.862397461848112e-05,0.00016449665038287224,0.00035836946135560713,0.0007130364446872575,0.0013052985515398584,0.002222540044708461,0.0035728326985527354,0.00552114217351717,0.008346423963645407,0.012483104692573294,0.01848834144807127,0.026890810621035936,0.03793304003657283,0.05128956344456334,0.06588549191456589,0.07992963770084752,0.09121581954007589,0.09765210128129291,0.09787257813780066,0.09170856935918059,0.08030273829451025,0.06577678922127565,0.05057022227238044,0.03673467881614436,0.02547970681149462,0.017109840293383832,0.011279787573090328,0.007364894188945984,0.004757615683183395,0.003007837789256412,0.0018312018081144267,0.0010561650932947113,0.0005692734784514986,0.0002838122506029727,0.00012990085491178588,5.428848150902146e-05,2.0634174822104387e-05,7.111545019126465e-06,2.217732099401474e-06,6.250605130948669e-07,1.5943258622473298e-07,3.723262715897261e-08,8.45810574881776e-09,2.3808506771270175e-09,1.2298438909267131e-09,1.034380631405095e-09,1.0046200489929512e-09,1.0005575095895054e-09,1.0000603024873632e-09,1.0000057426605505e-09,1.0000003745375192e-09,9.999999009426718e-10,9.999998634756273e-10,9.999998608175144e-10,9.999998606483918e-10,9.99999860638741e-10,9.99999860638247e-10,9.999998606382245e-10,9.999998606382235e-10,9.999998606382235e-10,9.999998606382235e-10,9.999998606382235e-10,9.999998606382235e-10,9.999998606382235e-10,9.999998606382235e-10,9.999998606382235e-10,9.999998606382235e-10,9.999998606382235e-10,9.999998606382235e-10,9.999998606382235e-10,9.999998606382235e-10,9.999998606382235e-10,9.999998606382235e-10,9.999998606382235e-10,9.999998606382235e-10,9.999998606382235e-10,9.999998606382235e-10,9.999998606382235e-10,9.999998606382235e-10,9.999998606382235e-10,9.999998606382235e-10,9.999998606382235e-10,9.999998606382235e-10,9.999998606382235e-10,9.999998606382235e-10,9.999998606382235e-10,9.999998606382235e-10,9.999998606382235e-10,9.999998606382235e-10,9.999998606382235e-10,9.999998606382235e-10,9.999998606382235e-10,9.999998606382235e-10,9.999998606382235e-10,9.999998606382235e-10,9.999998606382235e-10,9.999998606382235e-10,9.999998606382235e-10,9.999998606382235e-10,9.999998606382235e-10,9.999998606382235e-10,9.999998606382235e-10,9.999998606382235e-10,9.999998606382235e-10,9.999998606382235e-10,9.999998606382235e-10,9.999998606382235e-10,9.999998606382235e-10,9.999998606382235e-10,9.999998606382235e-10,9.999998606382235e-10,9.999998606382235e-10,9.999998606382235e-10,9.999998606382235e-10,9.999998606382235e-10,9.999998606382235e-10,9.999998606382235e-10,9.999998606382235e-10,9.999998606382235e-10,9.999998606382235e-10,9.999998606382235e-10,9.999998606382235e-10,9.999998606382235e-10,9.999998606382235e-10,9.999998606382235e-10,9.999998606382235e-10,9.999998606382235e-10,9.999998606382235e-10,9.999998606382235e-10,9.999998606382235e-10,9.999998606382235e-10,9.999998606382235e-10,9.999998606382235e-10,9.999998606382235e-10,9.999998606382235e-10,9.999998606382235e-10,9.999998606382235e-10,9.999998606382235e-10,9.999998606382235e-10,9.999998606382235e-10,9.999998606382235e-10,9.999998606382235e-10,9.999998606382235e-10,9.999998606382235e-10
1.0393544189592428e-09,1.4469948625270752e-09,5.305139863748483e-09,3.618132309496251e-08,2.451410090934194e-07,1.4414036523685747e-06,7.238273839944334e-06,3.1045085126790096e-05,0.00011409499050931848,0.00036118881116197355,0.000992516402286502,0.002393074839286489,0.005134302055654079,0.009961630085160286,0.01774791778671947,0.02934042354388998,0.04515245722829576,0.06450658606868225,0.08513221218437224,0.10337570873530119,0.11523152627246065,0.11769792917397309,0.10986405558028811,0.09338273610070279,0.07207382407687621,0.05057030162485655,0.03254923671561752,0.01959794757850464,0.01134014295372104,0.006437878778234812,0.0035763139811676903,0.0018916811528957266,0.0009190503636561546,0.0003979049490199992,0.0001504306855354841,4.905172876307457e-05,1.369620366756795e-05,3.2612059269780794e-06,6.610083315603311e-07,1.1444280424751805e-07,1.7537591440308845e-08,3.043303893727681e-09,1.2138719216016664e-09,1.0189579223371285e-09,1.0014226857382274e-09,1.0000902496196306e-09,1.0000047116196225e-09,1.0000000712934306e-09,9.999998585279985e-10,9.999998502810776e-10,9.999998500108154e-10,9.999998500033261e-10,9.999998500031505e-10,9.99999850003147e-10,9.99999850003147e-10,9.99999850003147e-10,9.99999850003147e-10,9.99999850003147e-10,9.99999850003147e-10,9.99999850003147e-10,9.99999850003147e-10,9.99999850003147e-10,9.99999850003147e-10,9.99999850003147e-10,9.99999850003147e-10,9.99999850003147e-10,9.99999850003147e-10,9.99999850003147e-10,9.99999850003147e-10,9.99999850003147e-10,9.99999850003147e-10,9.99999850003147e-10,9.99999850003147e-10,9.99999850003147e-10,9.99999850003147e-10,9.99999850003147e-10,9.99999850003147e-10,9.99999850003147e-10,9.99999850003147e-10,9.99999850003147e-10,9.99999850003147e-10,9.99999850003147e-10,9.99999850003147e-10,9.99999850003147e-10,9.99999850003147e-10,9.99999850003147e-10,9.99999850003147e-10,9.99999850003147e-10,9.99999850003147e-10,9.99999850003147e-10,9.99999850003147e-10,9.99999850003147e-10,9.99999850003147e-10,9.99999850003147e-10,9.99999850003147e-10,9.99999850003147e-10,9.99999850003147e-10,9.99999850003147e-10,9.99999850003147e-10,9.99999850003147e-10,9.99999850003147e-10,9.99999850003147e-10,9.99999850003147e-10,9.99999850003147e-10,9.99999850003147e-10,9.99999850003147e-10,9.99999850003147e-10,9.99999850003147e-10,9.99999850003147e-10,9.99999850003147e-10,9.99999850003147e-10,9.99999850003147e-10,9.99999850003147e-10,9.99999850003147e-10,9.99999850003147e-10,9.99999850003147e-10,9.99999850003147e-10,9.99999850003147e-10,9.99999850003147e-10,9.99999850003147e-10,9.99999850003147e-10,9.99999850003147e-10,9.99999850003147e-10,9.99999850003147e-10,9.99999850003147e-10,9.99999850003147e-10,9.99999850003147e-10,9.99999850003147e-10,9.99999850003147e-10,9.99999850003147e-10,9.99999850003147e-10,9.99999850003147e-10,9.99999850003147e-10,9.99999850003147e-10,9.99999850003147e-10,9.99999850003147e-10,9.99999850003147e-10,9.99999850003147e-10,9.99999850003147e-10,9.99999850003147e-10,9.99999850003147e-10,9.99999850003147e-10,9.99999850003147e-10,9.99999850003147e-10,9.99999850003147e-10,9.99999850003147e-10,9.99999850003147e-10,9.99999850003147e-10,9.99999850003147e-10,9.99999850003147e-10
0.0002731263476135515,0.0005008782954111724,0.0008832704859511762,0.001498420533361048,0.002446535367402854,0.0038464643194678987,0.00582634166791149,0.008507544613769609,0.011982740845426481,0.016290776239405138,0.021393021055149068,0.02715687213623162,0.033351818507224344,0.03966159389256884,0.04571274328323345,0.05111617031160445,0.05551490637101663,0.05862939423521493,0.06029161882004595,0.060461552091678576,0.0592231658986057,0.0567617917256457,0.05332868276371926,0.049201118240171794,0.044646563103422944,0.03989726337977701,0.03513800410254117,0.030505872345144305,0.02609803274992001,0.021982497413673578,0.0182076442215306,0.014808138780724352,0.01180700620129574,0.009215103914434294,0.007029817881458765,0.005234538932313754,0.0037997417121318398,0.0026856961159270466,0.001846275742465042,0.0012330939483421843,0.0007992524970275524,0.0005022145147405593,0.0003055913501888327,0.00017987483672406827,0.0001023091088550148,5.6172130675215484e-05,2.9740982309304492e-05,1.5170696669336308e-05,7.44884692114053e-06,3.5177287928992157e-06,1.5967589280285685e-06,6.96363571483451e-07,2.918027895242915e-07,1.1764920216473008e-07,4.5858396786624404e-08,1.753077684818796e-08,6.8353407879607956e-09,2.972568866006893e-09,1.638442215791968e-09,1.1978918332794884e-09,1.0588282796484329e-09,1.0168734006745272e-09,1.0047772594775712e-09,1.0014448357654896e-09,1.0005676636414047e-09,1.0003470714700986e-09,1.0002940744393336e-09,1.000281911185871e-09,1.000279244513646e-09,1.0002786860439135e-09,1.0002785743238435e-09,1.0002785529757936e-09,1.0002785490792764e-09,1.0002785483999415e-09,1.000278548286811e-09,1.0002785482688156e-09,1.0002785482660815e-09,1.0002785482656845e-09,1.0002785482656295e-09,1.0002785482656222e-09,1.0002785482656214e-09,1.0002785482656212e-09,1.0002785482656212e-09,1.0002785482656212e-09,1.0002785482656212e-09,1.0002785482656212e-09,1.0002785482656212e-09,1.0002785482656212e-09,1.0002785482656212e-09,1.0002785482656212e-09,1.0002785482656212e-09,1.0002785482656212e-09,1.0002785482656212e-09,1.0002785482656212e-09,1.0002785482656212e-09,1.0002785482656212e-09,1.0002785482656212e-09,1.0002785482656212e-09,1.0002785482656212e-09,1.0002785482656212e-09,1.0002785482656212e-09,1.0002785482656212e-09,1.0002785482656212e-09,1.0002785482656212e-09,1.0002785482656212e-09,1.0002785482656212e-09,1.0002785482656212e-09,1.0002785482656212e-09,1.0002785482656212e-09,1.0002785482656212e-09,1.0002785482656212e-09,1.0002785482656212e-09,1.0002785482656212e-09,1.0002785482656212e-09,1.0002785482656212e-09,1.0002785482656212e-09,1.0002785482656212e-09,1.0002785482656212e-09,1.0002785482656212e-09,1.0002785482656212e-09,1.0002785482656212e-09,1.0002785482656212e-09,1.0002785482656212e-09,1.0002785482656212e-09,1.0002785482656212e-09,1.0002785482656212e-09,1.0002785482656212e-09,1.0002785482656212e-09,1.0002785482656212e-09,1.0002785482656212e-09,1.0002785482656212e-09,1.0002785482656212e-09,1.0002785482656212e-09,1.0002785482656212e-09,1.0002785482656212e-09,1.0002785482656212e-09,1.0002785482656212e-09,1.0002785482656212e-09,1.0002785482656212e-09,1.0002785482656212e-09,1.0002785482656212e-09,1.0002785482656212e-09,1.0002785482656212e-09,1.0002785482656212e-09,1.0002785482656212e-09,1.0002785482656212e-09,1.0002785482656212e-09,1.0002785482656212e-09,1.0002785482656212e-09,1.0002785482656212e-09
1.0336741931972371e-08,6.384222814149717e-08,3.7294295089853473e-07,1.9380872465277496e-06,8.884743516913968e-06,3.591035747540633e-05,0.0001280762351115362,0.0004036223817724428,0.0011259274233677695,0.0027866148680645436,0.006137355072561609,0.01207588080781554,0.021333490462958207,0.034050308029096324,0.04946861739273688,0.0659607381284155,0.08139509686856355,0.09362431911494667,0.10088261543578872,0.10206867452783117,0.0969879430610799,0.08650271435381676,0.07240293488383608,0.0569216162892345,0.042097688515693205,0.029317649841342365,0.019208050468176037,0.011795993573429824,0.006748570955459458,0.0035693446490397307,0.0017313384092921017,0.000764393347386695,0.00030513899844531107,0.00010950688480861206,3.515962024340698e-05,1.0058593847250367e-05,2.555541211131321e-06,5.753965089473112e-07,1.1505590398922638e-07,2.095881655287776e-08,4.072696794483402e-09,1.415585320213066e-09,1.0493234861116283e-09,1.005131946524802e-09,1.0004676364986462e-09,1.0000371798206969e-09,1.0000024578630044e-09,1.0000000105645006e-09,9.999998598755476e-10,9.999998517712843e-10,9.99999851390634e-10,9.999998513750213e-10,9.999998513744621e-10,9.999998513744446e-10,9.999998513744441e-10,9.999998513744441e-10,9.999998513744441e-10,9.999998513744441e-10,9.999998513744441e-10,9.999998513744441e-10,9.999998513744441e-10,9.999998513744441e-10,9.999998513744441e-10,9.999998513744441e-10,9.999998513744441e-10,9.999998513744441e-10,9.999998513744441e-10,9.999998513744441e-10,9.999998513744441e-10,9.999998513744441e-10,9.999998513744441e-10,9.999998513744441e-10,9.999998513744441e-10,9.999998513744441e-10,9.999998513744441e-10,9.999998513744441e-10,9.999998513744441e-10,9.999998513744441e-10,9.999998513744441e-10,9.999998513744441e-10,9.999998513744441e-10,9.999998513744441e-10,9.999998513744441e-10,9.999998513744441e-10,9.999998513744441e-10,9.999998513744441e-10,9.999998513744441e-10,9.999998513744441e-10,9.999998513744441e-10,9.999998513744441e-10,9.999998513744441e-10,9.999998513744441e-10,9.999998513744441e-10,9.999998513744441e-10,9.999998513744441e-10,9.999998513744441e-10,9.999998513744441e-10,9.999998513744441e-10,9.999998513744441e-10,9.999998513744441e-10,9.999998513744441e-10,9.999998513744441e-10,9.999998513744441e-10,9.999998513744441e-10,9.999998513744441e-10,9.999998513744441e-10,9.999998513744441e-10,9.999998513744441e-10,9.999998513744441e-10,9.999998513744441e-10,9.999998513744441e-10,9.999998513744441e-10,9.999998513744441e-10,9.999998513744441e-10,9.999998513744441e-10,9.999998513744441e-10,9.999998513744441e-10,9.999998513744441e-10,9.999998513744441e-10,9.999998513744441e-10,9.999998513744441e-10,9.999998513744441e-10,9.999998513744441e-10,9.999998513744441e-10,9.999998513744441e-10,9.999998513744441e-10,9.999998513744441e-10,9.999998513744441e-10,9.999998513744441e-10,9.999998513744441e-10,9.999998513744441e-10,9.999998513744441e-10,9.999998513744441e-10,9.999998513744441e-10,9.999998513744441e-10,9.999998513744441e-10,9.999998513744441e-10,9.999998513744441e-10,9.999998513744441e-10,9.999998513744441e-10,9.999998513744441e-10,9.999998513744441e-10,9.999998513744441e-10,9.999998513744441e-10,9.999998513744441e-10,9.999998513744441e-10,9.999998513744441e-10,9.999998513744441e-10,9.999998513744441e-10,9.999998513744441e-10
0.0005927203230166013,0.0010182661045952095,0.0016879511260495799,0.0027000065757135706,0.004167936987060571,0.006210257304360548,0.00893419925526778,0.012414719750004742,0.016672049414808786,0.02165253461286723,0.02721794132741988,0.033147254020351444,0.03915241370713861,0.04490611085606045,0.0500767757119812,0.0543643072504678,0.05753033325149203,0.05941864456597487,0.05996407553527472,0.0591905483572454,0.05720059489495046,0.05415925157363411,0.050275047863097506,0.04578029067091823,0.04091231119020763,0.03589692132700779,0.030935008238320873,0.026192910307731118,0.021796914361465382,0.017831871404249713,0.014343550493318138,0.011343969041158175,0.008818621349672644,0.0067343701173018695,0.005046844551961628,0.0037065073751251874,0.0026630193994727105,0.0018679895412342768,0.001276505069394396,0.0008479242084946945,0.0005463130672958366,0.00034072104217773303,0.000205320704032472,0.00011935432546674657,6.683501795139788e-05,3.6008843374223734e-05,1.8647262933672718e-05,9.273825861517464e-06,4.426377734365079e-06,2.0265887653987607e-06,8.897988726352719e-07,3.747076339076475e-07,1.5151917229273068e-07,5.905818442568445e-08,2.244122931076831e-08,8.580139154864489e-09,3.5651342252299465e-09,1.8310061343555609e-09,1.2579316280051777e-09,1.0769432053254895e-09,1.0223178873396126e-09,1.0065622036340687e-09,1.0022193083850284e-09,1.0010753229041787e-09,1.0007873431216348e-09,1.0007180634569527e-09,1.0007021357139027e-09,1.0006986361814057e-09,1.0006979013699943e-09,1.000697753916667e-09,1.0006977256386614e-09,1.0006977204559017e-09,1.000697719548094e-09,1.0006977193961268e-09,1.0006977193718143e-09,1.000697719368097e-09,1.0006977193675539e-09,1.0006977193674778e-09,1.0006977193674676e-09,1.0006977193674664e-09,1.0006977193674662e-09,1.0006977193674662e-09,1.0006977193674662e-09,1.0006977193674662e-09,1.0006977193674662e-09,1.0006977193674662e-09,1.0006977193674662e-09,1.0006977193674662e-09,1.0006977193674662e-09,1.0006977193674662e-09,1.0006977193674662e-09,1.0006977193674662e-09,1.0006977193674662e-09,1.0006977193674662e-09,1.0006977193674662e-09,1.0006977193674662e-09,1.0006977193674662e-09,1.0006977193674662e-09,1.0006977193674662e-09,1.0006977193674662e-09,1.0006977193674662e-09,1.0006977193674662e-09,1.0006977193674662e-09,1.0006977193674662e-09,1.0006977193674662e-09,1.0006977193674662e-09,1.0006977193674662e-09,1.0006977193674662e-09,1.0006977193674662e-09,1.0006977193674662e-09,1.0006977193674662e-09,1.0006977193674662e-09,1.0006977193674662e-09,1.0006977193674662e-09,1.0006977193674662e-09,1.0006977193674662e-09,1.0006977193674662e-09,1.0006977193674662e-09,1.0006977193674662e-09,1.0006977193674662e-09,1.0006977193674662e-09,1.0006977193674662e-09,1.0006977193674662e-09,1.0006977193674662e-09,1.0006977193674662e-09,1.0006977193674662e-09,1.0006977193674662e-09,1.0006977193674662e-09,1.0006977193674662e-09,1.0006977193674662e-09,1.0006977193674662e-09,1.0006977193674662e-09,1.0006977193674662e-09,1.0006977193674662e-09,1.0006977193674662e-09,1.0006977193674662e-09,1.0006977193674662e-09,1.0006977193674662e-09,1.0006977193674662e-09,1.0006977193674662e-09,1.0006977193674662e-09,1.0006977193674662e-09,1.0006977193674662e-09,1.0006977193674662e-09,1.0006977193674662e-09,1.0006977193674662e-09,1.0006977193674662e-09,1.0006977193674662e-09,1.0006977193674662e-09,1.0006977193674662e-09
6.360467319509862e-08,4.404485947974309e-07,2.638372380699022e-06,1.3559968829350846e-05,5.985430812357705e-05,0.00022750573086410223,0.0007471777440318348,0.0021289334368130865,0.0052878847804082325,0.011512033134956513,0.022100050627138743,0.03765365827694853,0.057317318123730004,0.07847516683091617,0.09727865349855272,0.10989530319357373,0.11387340261710098,0.10890952598578467,0.09669265490148736,0.08006220736848628,0.06201081105654831,0.04495686586481423,0.030433177849365178,0.019117861543651332,0.01103592965938234,0.005782119981662318,0.0027136788504608955,0.0011268699336394062,0.0004097178282380756,0.00012935362208838123,3.5238208900418696e-05,8.244872747154237e-06,1.651754404302507e-06,2.83213830331594e-07,4.211826408000397e-08,6.098910050852287e-09,1.5376269324052443e-09,1.048164508239583e-09,1.0036640568408183e-09,1.0002364771933843e-09,1.00001282419754e-09,1.000000461191123e-09,9.999998822414094e-10,9.999998592728465e-10,9.999998585008529e-10,9.999998584788697e-10,9.999998584783393e-10,9.999998584783285e-10,9.999998584783283e-10,9.999998584783283e-10,9.999998584783283e-10,9.999998584783283e-10,9.999998584783283e-10,9.999998584783283e-10,9.999998584783283e-10,9.999998584783283e-10,9.999998584783283e-10,9.999998584783283e-10,9.999998584783283e-10,9.999998584783283e-10,9.999998584783283e-10,9.999998584783283e-10,9.999998584783283e-10,9.999998584783283e-10,9.999998584783283e-10,9.999998584783283e-10,9.999998584783283e-10,9.999998584783283e-10,9.999998584783283e-10,9.999998584783283e-10,9.999998584783283e-10,9.999998584783283e-10,9.999998584783283e-10,9.999998584783283e-10,9.999998584783283e-10,9.999998584783283e-10,9.999998584783283e-10,9.999998584783283e-10,9.999998584783283e-10,9.999998584783283e-10,9.999998584783283e-10,9.999998584783283e-10,9.999998584783283e-10,9.999998584783283e-10,9.999998584783283e-10,9.999998584783283e-10,9.999998584783283e-10,9.999998584783283e-10,9.999998584783283e-10,9.999998584783283e-10,9.999998584783283e-10,9.999998584783283e-10,9.999998584783283e-10,9.999998584783283e-10,9.999998584783283e-10,9.999998584783283e-10,9.999998584783283e-10,9.999998584783283e-10,9.999998584783283e-10,9.999998584783283e-10,9.999998584783283e-10,9.999998584783283e-10,9.999998584783283e-10,9.999998584783283e-10,9.999998584783283e-10,9.999998584783283e-10,9.999998584783283e-10,9.999998584783283e-10,9.999998584783283e-10,9.999998584783283e-10,9.999998584783283e-10,9.999998584783283e-10,9.999998584783283e-10,9.999998584783283e-10,9.999998584783283e-10,9.999998584783283e-10,9.999998584783283e-10,9.999998584783283e-10,9.999998584783283e-10,9.999998584783283e-10,9.999998584783283e-10,9.999998584783283e-10,9.999998584783283e-10,9.999998584783283e-10,9.999998584783283e-10,9.999998584783283e-10,9.999998584783283e-10,9.999998584783283e-10,9.999998584783283e-10,9.999998584783283e-10,9.999998584783283e-10,9.999998584783283e-10,9.999998584783283e-10,9.999998584783283e-10,9.999998584783283e-10,9.999998584783283e-10,9.999998584783283e-10,9.999998584783283e-10,9.999998584783283e-10,9.999998584783283e-10,9.999998584783283e-10,9.999998584783283e-10,9.999998584783283e-10,9.999998584783283e-10,9.999998584783283e-10,9.999998584783283e-10,9.999998584783283e-10,9.999998584783283e-10,9.999998584783283e-10,9.999998584783283e-10
0.0002527878841580512,0.0006482086225236858,0.0015257024700057148,0.0033732377169293872,0.007066237129694196,0.013910210037646151,0.025308665422922542,0.041930667004447135,0.06272941292631364,0.08457818365996583,0.10307761561562644,0.11423972782091772,0.11601485402745898,0.1087556499677578,0.09459100238297802,0.07641149914713509,0.05710946343977125,0.03917001314920084,0.024387524902818467,0.013621582431832521,0.00674890885875344,0.0029367246878354352,0.0011130112332297575,0.00036493392571758154,0.00010296270230358011,2.489223076864238e-05,5.1398497609076004e-06,9.04580751783408e-07,1.360216439112188e-07,1.8115872380813497e-08,2.8379181733200668e-09,1.167063216746975e-09,1.012938612073398e-09,1.0009541938133134e-09,1.0001690384224635e-09,1.0001257176963778e-09,1.0001237055108187e-09,1.0001236268562574e-09,1.0001236242696326e-09,1.000123624198087e-09,1.000123624196423e-09,1.0001236241963905e-09,1.0001236241963899e-09,1.0001236241963899e-09,1.0001236241963899e-09,1.0001236241963899e-09,1.0001236241963899e-09,1.0001236241963899e-09,1.0001236241963899e-09,1.0001236241963899e-09,1.0001236241963899e-09,1.0001236241963899e-09,1.0001236241963899e-09,1.0001236241963899e-09,1.0001236241963899e-09,1.0001236241963899e-09,1.0001236241963899e-09,1.0001236241963899e-09,1.0001236241963899e-09,1.0001236241963899e-09,1.0001236241963899e-09,1.0001236241963899e-09,1.0001236241963899e-09,1.0001236241963899e-09,1.0001236241963899e-09,1.0001236241963899e-09,1.0001236241963899e-09,1.0001236241963899e-09,1.0001236241963899e-09,1.0001236241963899e-09,1.0001236241963899e-09,1.0001236241963899e-09,1.0001236241963899e-09,1.0001236241963899e-09,1.0001236241963899e-09,1.0001236241963899e-09,1.0001236241963899e-09,1.0001236241963899e-09,1.0001236241963899e-09,1.0001236241963899e-09,1.0001236241963899e-09,1.0001236241963899e-09,1.0001236241963899e-09,1.0001236241963899e-09,1.0001236241963899e-09,1.0001236241963899e-09,1.0001236241963899e-09,1.0001236241963899e-09,1.0001236241963899e-09,1.0001236241963899e-09,1.0001236241963899e-09,1.0001236241963899e-09,1.0001236241963899e-09,1.0001236241963899e-09,1.0001236241963899e-09,1.0001236241963899e-09,1.0001236241963899e-09,1.0001236241963899e-09,1.0001236241963899e-09,1.0001236241963899e-09,1.0001236241963899e-09,1.0001236241963899e-09,1.0001236241963899e-09,1.0001236241963899e-09,1.0001236241963899e-09,1.0001236241963899e-09,1.0001236241963899e-09,1.0001236241963899e-09,1.0001236241963899e-09,1.0001236241963899e-09,1.0001236241963899e-09,1.0001236241963899e-09,1.0001236241963899e-09,1.0001236241963899e-09,1.0001236241963899e-09,1.0001236241963899e-09,1.0001236241963899e-09,1.0001236241963899e-09,1.0001236241963899e-09,1.0001236241963899e-09,1.0001236241963899e-09,1.0001236241963899e-09,1.0001236241963899e-09,1.0001236241963899e-09,1.0001236241963899e-09,1.0001236241963899e-09,1.0001236241963899e-09,1.0001236241963899e-09,1.0001236241963899e-09,1.0001236241963899e-09,1.0001236241963899e-09,1.0001236241963899e-09,1.0001236241963899e-09,1.0001236241963899e-09,1.0001236241963899e-09,1.0001236241963899e-09,1.0001236241963899e-09,1.0001236241963899e-09,1.0001236241963899e-09,1.0001236241963899e-09,1.0001236241963899e-09,1.0001236241963899e-09,1.0001236241963899e-09,1.0001236241963899e-09,1.0001236241963899e-09,1.0001236241963899e-09,1.0001236241963899e-09,1.0001236241963899e-09,1.0001236241963899e-09,1.0001236241963899e-09
